{
  "test": "test string",
  "defaultAccounts": [
    {
      "type": "cash",
      "balance": 50
    },
    {
      "type": "bank_fleeca",
      "balance": 300
    }
  ],
  "characterPoints": {
    "1": { "character": { "x": 2835.264404296875, "y": -730.100830078125, "z": 0.5501612424850464, "h": 0.9650971293449402 }, "camera": { "x": 2834.256591796875, "y": -725.6456909179688, "z": 0.7508435249328613, "h": 189.54205322265625 } },
    "2": { "character":{ "x": 2831.81005859375, "y": -730.6099243164062, "z": 0.695358157157898, "h": 10.34593391418457 } },
    "3": { "character":{ "x": 2828.398193359375, "y": -731.1051025390625, "z": 0.7642818689346313, "h": 24.5488338470459 } },
    "4": { "character":{ "x": 2828.398193359375, "y": -731.1051025390625, "z": 0.7642818689346313, "h": 24.5488338470459 } }
  },
  "defaultAppearance": {
    "skin": {
      "model": 1885233650
    },
    "clothing": {}
  }
}